record_id,status,message,windows
01,ok,,16
02,ok,,16
03,ok,,16
04,ok,,16
05,ok,,16
06,ok,,16
07,ok,,16
08,ok,,16
09,ok,,16
10,ok,,16
11,ok,,16
12,ok,,16
13,ok,,16
14,ok,,16
15,ok,,16
16,ok,,16
17,ok,,16
18,ok,,16
19,ok,,16
20,ok,,16
21,ok,,16
22,ok,,16
23,ok,,16
24,ok,,16
25,ok,,16
26,ok,,16
27,ok,,16
28,ok,,16
29,ok,,16
30,ok,,16
31,ok,,16
32,ok,,16
33,ok,,16
34,ok,,16
35,ok,,16
36,ok,,16
37,ok,,16
38,ok,,16
39,ok,,16
40,ok,,16
41,ok,,16
42,ok,,16
43,ok,,16
44,ok,,16
45,ok,,16
46,ok,,16
47,ok,,16
48,ok,,16
49,ok,,16
50,ok,,16
51,ok,,16
52,ok,,16
53,ok,,16
